"","Kingdom","Phylum","Class","Order","Family","Genus"
"ASV_1","Bacteria","Proteobacteria","Gammaproteobacteria","Pseudomonadales","Pseudomonadaceae","Pseudomonas"
"ASV_2","Bacteria","Proteobacteria","Gammaproteobacteria","Burkholderiales","Burkholderiaceae","Burkholderia-Caballeronia-Paraburkholderia"
"ASV_3","Bacteria","Bacteroidota","Bacteroidia","Flavobacteriales","Weeksellaceae","Chryseobacterium"
"ASV_4","Bacteria","Proteobacteria","Gammaproteobacteria","Burkholderiales","Rhodocyclaceae","Uliginosibacterium"
"ASV_5","Bacteria","Proteobacteria","Alphaproteobacteria","Rhizobiales","Rhizobiaceae","Ensifer"
"ASV_6","Bacteria","Bacteroidota","Bacteroidia","Chitinophagales","Chitinophagaceae","Chitinophaga"
"ASV_7","Bacteria","Proteobacteria","Gammaproteobacteria","Burkholderiales",NA,NA
"ASV_8","Bacteria","Proteobacteria","Gammaproteobacteria","Pseudomonadales","Pseudomonadaceae","Pseudomonas"
"ASV_9","Bacteria","Proteobacteria","Gammaproteobacteria","Burkholderiales","Burkholderiaceae","Burkholderia-Caballeronia-Paraburkholderia"
"ASV_10","Bacteria","Bacteroidota","Bacteroidia","Chitinophagales","Chitinophagaceae","Chitinophaga"
"ASV_11","Bacteria","Proteobacteria","Alphaproteobacteria","Rhizobiales","Rhizobiaceae",NA
"ASV_12","Bacteria","Proteobacteria","Alphaproteobacteria","Rickettsiales","Mitochondria",NA
"ASV_13","Bacteria","Proteobacteria","Alphaproteobacteria","Rickettsiales","Mitochondria",NA
"ASV_14","Bacteria","Proteobacteria","Gammaproteobacteria","Pseudomonadales","Pseudomonadaceae","Azomonas"
"ASV_15","Bacteria","Proteobacteria","Alphaproteobacteria","Rickettsiales","Mitochondria",NA
"ASV_16","Bacteria","Proteobacteria","Gammaproteobacteria","Pseudomonadales","Pseudomonadaceae","Azomonas"
"ASV_17","Bacteria","Actinobacteriota","Actinobacteria","Micrococcales","Microbacteriaceae","Microbacterium"
"ASV_18","Bacteria","Bacteroidota","Bacteroidia","Flavobacteriales","Weeksellaceae","Chryseobacterium"
"ASV_19","Bacteria","Actinobacteriota","Actinobacteria","Micrococcales","Micrococcaceae","Pseudarthrobacter"
"ASV_20","Bacteria","Proteobacteria","Alphaproteobacteria","Rickettsiales","Mitochondria",NA
"ASV_21","Bacteria","Proteobacteria","Alphaproteobacteria","Rickettsiales","Mitochondria",NA
"ASV_22","Bacteria","Firmicutes","Bacilli","Paenibacillales","Paenibacillaceae","Paenibacillus"
"ASV_23","Bacteria","Firmicutes","Bacilli","Paenibacillales","Paenibacillaceae","Paenibacillus"
"ASV_24","Bacteria","Firmicutes","Bacilli","Paenibacillales","Paenibacillaceae","Paenibacillus"
"ASV_25","Bacteria","Firmicutes","Bacilli","Paenibacillales","Paenibacillaceae","Paenibacillus"
"ASV_26","Bacteria","Firmicutes","Bacilli","Paenibacillales","Paenibacillaceae","Paenibacillus"
"ASV_27","Bacteria","Proteobacteria","Alphaproteobacteria","Rickettsiales","Mitochondria",NA
"ASV_28","Bacteria","Firmicutes","Bacilli","Bacillales","Bacillaceae","Bacillus"
"ASV_29","Bacteria","Firmicutes","Bacilli","Bacillales","Bacillaceae","Bacillus"
"ASV_30","Bacteria","Firmicutes","Bacilli","Paenibacillales","Paenibacillaceae","Paenibacillus"
"ASV_31","Bacteria","Proteobacteria","Gammaproteobacteria","Burkholderiales","Burkholderiaceae","Burkholderia-Caballeronia-Paraburkholderia"
"ASV_32","Bacteria","Proteobacteria","Alphaproteobacteria","Rickettsiales","Mitochondria",NA
"ASV_33","Bacteria","Proteobacteria","Alphaproteobacteria","Rickettsiales","Mitochondria",NA
"ASV_34","Bacteria","Proteobacteria","Gammaproteobacteria","Pseudomonadales","Pseudomonadaceae","Pseudomonas"
"ASV_35","Bacteria","Proteobacteria","Alphaproteobacteria","Rickettsiales","Mitochondria",NA
"ASV_36","Bacteria","Proteobacteria","Alphaproteobacteria","Rickettsiales","Mitochondria",NA
"ASV_37","Bacteria","Proteobacteria","Alphaproteobacteria","Rickettsiales","Mitochondria",NA
"ASV_38","Bacteria","Proteobacteria","Gammaproteobacteria","Burkholderiales","Burkholderiaceae","Burkholderia-Caballeronia-Paraburkholderia"
"ASV_39","Bacteria","Myxococcota","Myxococcia","Myxococcales","Myxococcaceae",NA
"ASV_40","Bacteria","Proteobacteria","Alphaproteobacteria","Rickettsiales","Mitochondria",NA
"ASV_41","Bacteria","Proteobacteria","Alphaproteobacteria","Rickettsiales","Mitochondria",NA
"ASV_42","Bacteria","Myxococcota","Myxococcia","Myxococcales","Anaeromyxobacteraceae","Anaeromyxobacter"
"ASV_43","Bacteria","Myxococcota","Myxococcia","Myxococcales","Anaeromyxobacteraceae","Anaeromyxobacter"
"ASV_44","Bacteria","Proteobacteria","Gammaproteobacteria","Burkholderiales",NA,NA
"ASV_45","Bacteria","Myxococcota","Myxococcia","Myxococcales","Myxococcaceae","P3OB-42"
"ASV_46","Bacteria","Firmicutes","Bacilli","Bacillales","Bacillaceae","Bacillus"
"ASV_47","Bacteria","Bacteroidota","Bacteroidia","Flavobacteriales","Weeksellaceae","Soonwooa"
"ASV_48","Bacteria","Proteobacteria","Alphaproteobacteria","Rickettsiales","Mitochondria",NA
"ASV_49","Bacteria","Proteobacteria","Gammaproteobacteria","Burkholderiales",NA,NA
"ASV_50","Bacteria","Proteobacteria","Alphaproteobacteria","Rickettsiales","Mitochondria",NA
"ASV_51","Bacteria","Proteobacteria","Alphaproteobacteria","Rickettsiales","Mitochondria",NA
"ASV_52","Bacteria","Nitrospirota","Thermodesulfovibrionia",NA,NA,NA
"ASV_53","Bacteria","Firmicutes","Bacilli","Paenibacillales","Paenibacillaceae","Paenibacillus"
"ASV_54","Bacteria","Proteobacteria","Gammaproteobacteria","Burkholderiales","Comamonadaceae","Curvibacter"
"ASV_55","Bacteria","Proteobacteria","Alphaproteobacteria","Rickettsiales","Mitochondria",NA
"ASV_56","Bacteria","Actinobacteriota","Actinobacteria","Micrococcales","Microbacteriaceae","Schumannella"
"ASV_57","Bacteria","Proteobacteria","Alphaproteobacteria","Rickettsiales","Mitochondria",NA
"ASV_58","Bacteria","Myxococcota","Myxococcia","Myxococcales","Anaeromyxobacteraceae","Anaeromyxobacter"
"ASV_59","Bacteria","Proteobacteria","Gammaproteobacteria","Burkholderiales",NA,NA
"ASV_60","Bacteria","Proteobacteria","Gammaproteobacteria","Burkholderiales",NA,NA
"ASV_61","Bacteria","Bacteroidota","Bacteroidia","Chitinophagales","Chitinophagaceae","Niveitalea"
"ASV_62","Bacteria","Proteobacteria","Gammaproteobacteria","Burkholderiales",NA,NA
"ASV_63","Bacteria","Bacteroidota","Bacteroidia","Chitinophagales","Chitinophagaceae","Chitinophaga"
"ASV_64","Bacteria",NA,NA,NA,NA,NA
"ASV_65","Bacteria","Proteobacteria","Gammaproteobacteria","Burkholderiales","Gallionellaceae","Sideroxydans"
"ASV_66","Bacteria","Proteobacteria","Gammaproteobacteria","Burkholderiales",NA,NA
"ASV_67","Bacteria","Proteobacteria","Gammaproteobacteria","Burkholderiales","Rhodocyclaceae","Sulfuritalea"
"ASV_68","Bacteria","Bacteroidota","Bacteroidia","Chitinophagales","Chitinophagaceae","Chitinophaga"
"ASV_69","Bacteria","Firmicutes","Bacilli","Paenibacillales","Paenibacillaceae","Paenibacillus"
"ASV_70","Bacteria","Bacteroidota","Bacteroidia","Chitinophagales","Chitinophagaceae","Niveitalea"
"ASV_71","Bacteria","Proteobacteria","Alphaproteobacteria",NA,NA,NA
"ASV_72","Bacteria","Proteobacteria","Gammaproteobacteria","Pseudomonadales","Pseudomonadaceae","Azomonas"
"ASV_73","Bacteria","Proteobacteria","Gammaproteobacteria","Burkholderiales","Comamonadaceae","Ideonella"
"ASV_74","Bacteria","Proteobacteria","Gammaproteobacteria","Pseudomonadales","Pseudomonadaceae","Azomonas"
"ASV_75","Bacteria","Proteobacteria","Gammaproteobacteria","Pseudomonadales","Pseudomonadaceae",NA
"ASV_76","Bacteria","Actinobacteriota","Actinobacteria","Micrococcales","Microbacteriaceae","Microbacterium"
"ASV_77","Bacteria","Actinobacteriota","Actinobacteria","Kineosporiales","Kineosporiaceae",NA
"ASV_78","Bacteria","Fibrobacterota","Fibrobacteria","Fibrobacterales","BBMC-4",NA
"ASV_79","Bacteria","Proteobacteria","Gammaproteobacteria","Pseudomonadales","Pseudomonadaceae","Azomonas"
"ASV_80","Bacteria","Proteobacteria","Gammaproteobacteria","Burkholderiales",NA,NA
"ASV_81","Bacteria","Proteobacteria","Alphaproteobacteria","Rhizobiales","Rhizobiaceae",NA
"ASV_82","Bacteria","Proteobacteria","Gammaproteobacteria","Burkholderiales","Burkholderiaceae","Burkholderia-Caballeronia-Paraburkholderia"
"ASV_83","Bacteria","Proteobacteria","Gammaproteobacteria","Burkholderiales","Burkholderiaceae",NA
"ASV_84","Bacteria","Proteobacteria","Gammaproteobacteria","Pseudomonadales","Pseudomonadaceae","Azomonas"
"ASV_85","Bacteria","Bacteroidota","Bacteroidia","Chitinophagales","Chitinophagaceae","Chitinophaga"
"ASV_86","Bacteria","Actinobacteriota","Actinobacteria","Micrococcales","Microbacteriaceae","Microbacterium"
"ASV_87","Bacteria","Actinobacteriota","Actinobacteria","Micrococcales","Microbacteriaceae","Microbacterium"
"ASV_88","Bacteria","Proteobacteria","Gammaproteobacteria",NA,NA,NA
"ASV_89","Bacteria","Firmicutes","Bacilli","Bacillales","Bacillaceae","Bacillus"
"ASV_90","Bacteria","Actinobacteriota","Actinobacteria","Micrococcales","Intrasporangiaceae","Intrasporangium"
"ASV_91","Bacteria","Myxococcota","Myxococcia","Myxococcales","Anaeromyxobacteraceae","Anaeromyxobacter"
"ASV_92","Bacteria","Spirochaetota","Leptospirae","Leptospirales","Leptospiraceae","Leptonema"
"ASV_93","Bacteria","Proteobacteria","Gammaproteobacteria","Burkholderiales","Comamonadaceae","Ideonella"
"ASV_94","Bacteria","Bacteroidota","Bacteroidia","Bacteroidales","SB-5",NA
"ASV_95","Bacteria","Proteobacteria","Gammaproteobacteria","Burkholderiales",NA,NA
"ASV_96","Bacteria","Proteobacteria","Alphaproteobacteria","Rickettsiales","Mitochondria",NA
"ASV_97","Bacteria","Actinobacteriota","Actinobacteria","Streptosporangiales","Thermomonosporaceae","Actinomadura"
"ASV_98","Bacteria","Proteobacteria","Gammaproteobacteria","Burkholderiales",NA,NA
"ASV_99","Bacteria","Proteobacteria","Gammaproteobacteria",NA,NA,NA
"ASV_100","Bacteria","Actinobacteriota","Coriobacteriia","CG2-30-50-142",NA,NA
"ASV_101","Bacteria","Proteobacteria","Alphaproteobacteria","Rhizobiales","Rhizobiaceae",NA
"ASV_102","Bacteria","Actinobacteriota","Actinobacteria","Micrococcales","Micrococcaceae","Pseudarthrobacter"
"ASV_103","Bacteria",NA,NA,NA,NA,NA
"ASV_104","Bacteria","Bacteroidota","Bacteroidia","Flavobacteriales","Weeksellaceae",NA
"ASV_105","Bacteria","Proteobacteria","Alphaproteobacteria","Rhizobiales","Rhizobiaceae","Pseudohoeflea"
"ASV_106","Bacteria","Proteobacteria","Gammaproteobacteria","Pseudomonadales","Moraxellaceae","Acinetobacter"
"ASV_107","Bacteria","Nitrospirota","4-29-1",NA,NA,NA
"ASV_108","Bacteria","Proteobacteria","Gammaproteobacteria","Burkholderiales",NA,NA
"ASV_109","Bacteria","Proteobacteria","Gammaproteobacteria","Burkholderiales",NA,NA
"ASV_110","Bacteria","Chloroflexi","Chloroflexia","Chloroflexales","Roseiflexaceae","Kouleothrix"
"ASV_111","Bacteria","Proteobacteria","Alphaproteobacteria","Rhizobiales","Xanthobacteraceae","Afipia"
"ASV_112","Bacteria","Proteobacteria","Gammaproteobacteria","Enterobacterales","Enterobacteriaceae","Escherichia-Shigella"
"ASV_113","Bacteria","Zixibacteria",NA,NA,NA,NA
"ASV_114","Bacteria","Bacteroidota","Bacteroidia","Flavobacteriales","Weeksellaceae","Soonwooa"
"ASV_115","Bacteria","Proteobacteria","Gammaproteobacteria","Burkholderiales","Rhodocyclaceae",NA
"ASV_116","Bacteria","Proteobacteria","Gammaproteobacteria","Burkholderiales","Comamonadaceae",NA
"ASV_117","Bacteria","Proteobacteria","Gammaproteobacteria","Pseudomonadales","Pseudomonadaceae","Azomonas"
"ASV_118","Bacteria","Proteobacteria","Gammaproteobacteria","Pseudomonadales","Pseudomonadaceae","Azomonas"
"ASV_119","Bacteria","Myxococcota","Myxococcia","Myxococcales",NA,NA
"ASV_120","Bacteria","Bacteroidota","Bacteroidia","Flavobacteriales","Weeksellaceae","Soonwooa"
"ASV_121","Bacteria","Proteobacteria","Alphaproteobacteria","Rhizobiales","Beijerinckiaceae","Methylocystis"
"ASV_122","Bacteria","Actinobacteriota","Coriobacteriia","OPB41",NA,NA
"ASV_123","Bacteria","Bacteroidota","Bacteroidia","Chitinophagales","Chitinophagaceae","Chitinophaga"
"ASV_124","Bacteria","Proteobacteria","Alphaproteobacteria","Rhizobiales","Rhizobiaceae",NA
"ASV_125","Bacteria","Myxococcota","Myxococcia","Myxococcales",NA,NA
"ASV_126","Bacteria","Proteobacteria","Alphaproteobacteria","Rhizobiales","Rhizobiaceae",NA
"ASV_127","Bacteria","Proteobacteria","Gammaproteobacteria","Burkholderiales",NA,NA
"ASV_128","Bacteria","Proteobacteria","Alphaproteobacteria","Rickettsiales","Mitochondria",NA
"ASV_129","Bacteria","Proteobacteria","Gammaproteobacteria","Burkholderiales",NA,NA
"ASV_130","Bacteria","Proteobacteria","Gammaproteobacteria","Pseudomonadales","Pseudomonadaceae","Azomonas"
"ASV_131","Bacteria","Firmicutes","Bacilli","Exiguobacterales","Exiguobacteraceae","Exiguobacterium"
"ASV_132","Bacteria","Proteobacteria","Alphaproteobacteria",NA,NA,NA
"ASV_133","Bacteria","Proteobacteria","Alphaproteobacteria","Rhizobiales","Rhizobiaceae",NA
"ASV_134","Bacteria","Actinobacteriota","MB-A2-108",NA,NA,NA
"ASV_135","Bacteria","Bacteroidota","Bacteroidia","Chitinophagales","Chitinophagaceae","Niveitalea"
"ASV_136","Bacteria","Proteobacteria","Gammaproteobacteria","Burkholderiales","Rhodocyclaceae","Niveibacterium"
"ASV_137","Bacteria","Proteobacteria","Gammaproteobacteria","Burkholderiales",NA,NA
"ASV_138","Bacteria","Firmicutes","Bacilli","Bacillales","Bacillaceae","Bacillus"
"ASV_139","Bacteria","Actinobacteriota","Actinobacteria","Micrococcales","Microbacteriaceae","Microbacterium"
"ASV_140","Bacteria","Proteobacteria","Gammaproteobacteria","Pseudomonadales","Pseudomonadaceae","Azomonas"
"ASV_141","Bacteria","Actinobacteriota","Actinobacteria","Micrococcales",NA,NA
"ASV_142","Bacteria","Proteobacteria","Gammaproteobacteria","Pseudomonadales","Pseudomonadaceae","Azomonas"
"ASV_143","Bacteria","Proteobacteria","Gammaproteobacteria",NA,NA,NA
"ASV_144","Bacteria","Bacteroidota","Bacteroidia","Chitinophagales","Chitinophagaceae",NA
"ASV_145","Bacteria","Proteobacteria","Gammaproteobacteria","Burkholderiales","Comamonadaceae",NA
"ASV_146","Bacteria","Bacteroidota","Bacteroidia","Flavobacteriales","Weeksellaceae",NA
"ASV_147","Bacteria","Proteobacteria","Gammaproteobacteria","Burkholderiales","Comamonadaceae","Piscinibacter"
"ASV_148","Bacteria","Firmicutes","Bacilli","Bacillales",NA,NA
"ASV_149","Bacteria","Proteobacteria","Gammaproteobacteria","Burkholderiales",NA,NA
"ASV_150","Bacteria","Chloroflexi","Chloroflexia","Chloroflexales","Roseiflexaceae",NA
"ASV_151","Bacteria","Myxococcota","Polyangia","Polyangiales","BIrii41",NA
"ASV_152","Bacteria","Proteobacteria","Gammaproteobacteria","Burkholderiales",NA,NA
"ASV_153","Bacteria","Proteobacteria","Gammaproteobacteria","Pseudomonadales","Pseudomonadaceae","Azomonas"
"ASV_154","Bacteria","Proteobacteria","Gammaproteobacteria","Burkholderiales","Rhodocyclaceae","Uliginosibacterium"
"ASV_155","Bacteria","Verrucomicrobiota","Verrucomicrobiae","Pedosphaerales","Pedosphaeraceae",NA
"ASV_156","Bacteria","Proteobacteria","Gammaproteobacteria","Burkholderiales","Gallionellaceae","Candidatus Nitrotoga"
"ASV_157","Bacteria","Proteobacteria","Alphaproteobacteria","Rickettsiales","Mitochondria",NA
"ASV_158","Bacteria","Actinobacteriota","Actinobacteria","Micrococcales","Microbacteriaceae","Schumannella"
"ASV_159","Bacteria","Bacteroidota","Bacteroidia","Bacteroidales","SB-5",NA
"ASV_160","Bacteria","Proteobacteria","Alphaproteobacteria","Rickettsiales","Mitochondria",NA
"ASV_161","Bacteria","Bacteroidota","Bacteroidia","Bacteroidales","Prolixibacteraceae","WCHB1-32"
"ASV_162","Bacteria","Bacteroidota","Bacteroidia","Flavobacteriales","Weeksellaceae",NA
"ASV_163","Bacteria","Proteobacteria",NA,NA,NA,NA
"ASV_164","Bacteria","Proteobacteria","Alphaproteobacteria","Rickettsiales","Mitochondria",NA
"ASV_165","Bacteria","Proteobacteria","Gammaproteobacteria",NA,NA,NA
"ASV_166","Bacteria","Proteobacteria","Gammaproteobacteria","Pseudomonadales","Pseudomonadaceae","Azomonas"
"ASV_167","Bacteria","Proteobacteria","Gammaproteobacteria","Burkholderiales","Comamonadaceae","Curvibacter"
"ASV_168","Bacteria","Proteobacteria","Alphaproteobacteria","Rhizobiales","Xanthobacteraceae","Pseudolabrys"
"ASV_169","Bacteria",NA,NA,NA,NA,NA
"ASV_170","Bacteria","Proteobacteria","Alphaproteobacteria","Rhizobiales","Xanthobacteraceae",NA
"ASV_171","Bacteria","Proteobacteria","Gammaproteobacteria","Burkholderiales","Rhodocyclaceae","Georgfuchsia"
"ASV_172","Bacteria",NA,NA,NA,NA,NA
"ASV_173","Bacteria","Proteobacteria","Gammaproteobacteria","Pseudomonadales","Pseudomonadaceae","Azomonas"
"ASV_174","Bacteria","Proteobacteria","Gammaproteobacteria","Pseudomonadales","Pseudomonadaceae","Azomonas"
"ASV_175","Bacteria","Proteobacteria","Alphaproteobacteria","Rhizobiales","Rhizobiaceae",NA
"ASV_176","Bacteria","Proteobacteria","Gammaproteobacteria","Burkholderiales",NA,NA
"ASV_177","Bacteria","Proteobacteria","Gammaproteobacteria","Pseudomonadales","Pseudomonadaceae","Azomonas"
"ASV_178","Bacteria","Proteobacteria","Gammaproteobacteria","Burkholderiales",NA,NA
"ASV_179","Bacteria","Bacteroidota","Bacteroidia","Flavobacteriales","Weeksellaceae","Soonwooa"
"ASV_180","Bacteria","Actinobacteriota","Actinobacteria","Micrococcales","Micrococcaceae","Falsarthrobacter"
"ASV_181","Bacteria",NA,NA,NA,NA,NA
"ASV_182","Bacteria","Proteobacteria","Gammaproteobacteria","Pseudomonadales","Pseudomonadaceae","Azomonas"
"ASV_183","Bacteria","Proteobacteria","Gammaproteobacteria","Pseudomonadales","Pseudomonadaceae","Azomonas"
"ASV_184","Bacteria","Proteobacteria","Gammaproteobacteria","Pseudomonadales","Pseudomonadaceae","Azomonas"
"ASV_185","Bacteria","Bacteroidota","Bacteroidia","Flavobacteriales","Weeksellaceae","Chryseobacterium"
"ASV_186","Bacteria","Actinobacteriota","Actinobacteria","Propionibacteriales","Nocardioidaceae","Nocardioides"
"ASV_187","Bacteria","Proteobacteria","Gammaproteobacteria","Burkholderiales",NA,NA
"ASV_188","Bacteria","Proteobacteria","Alphaproteobacteria","Rhizobiales","Xanthobacteraceae","Oligotropha"
"ASV_189","Bacteria","Chloroflexi","Chloroflexia","Chloroflexales","Chloroflexaceae","Chloronema"
"ASV_190","Bacteria",NA,NA,NA,NA,NA
"ASV_191","Bacteria","Bacteroidota","Bacteroidia","Flavobacteriales","Weeksellaceae","Chryseobacterium"
"ASV_192","Bacteria","Actinobacteriota","Actinobacteria","Micrococcales","Intrasporangiaceae","Lapillicoccus"
"ASV_193","Bacteria","Firmicutes","Clostridia","Clostridiales","Clostridiaceae","Clostridium sensu stricto 9"
"ASV_194","Bacteria","Actinobacteriota","Actinobacteria","Micrococcales","Micrococcaceae","Pseudarthrobacter"
"ASV_195","Bacteria","Actinobacteriota","Acidimicrobiia",NA,NA,NA
"ASV_196","Bacteria","Proteobacteria","Gammaproteobacteria","Pseudomonadales","Pseudomonadaceae","Azomonas"
"ASV_197","Bacteria","Actinobacteriota","Coriobacteriia","CG2-30-50-142",NA,NA
"ASV_198","Bacteria","Proteobacteria","Gammaproteobacteria","Pseudomonadales","Pseudomonadaceae","Azomonas"
"ASV_199","Bacteria","Firmicutes","Clostridia","Peptostreptococcales-Tissierellales","Acidaminobacteraceae","Acidaminobacter"
"ASV_200","Bacteria","Proteobacteria","Alphaproteobacteria","Rhizobiales","Beijerinckiaceae","Methylocystis"
"ASV_201","Bacteria","Proteobacteria","Gammaproteobacteria","Burkholderiales",NA,NA
"ASV_202","Bacteria",NA,NA,NA,NA,NA
"ASV_203","Bacteria","Proteobacteria","Gammaproteobacteria","Pseudomonadales","Pseudomonadaceae","Azomonas"
"ASV_204","Bacteria","Proteobacteria","Gammaproteobacteria","Burkholderiales","Burkholderiaceae",NA
"ASV_205","Bacteria","Proteobacteria","Alphaproteobacteria","Rickettsiales","Mitochondria",NA
"ASV_206","Bacteria","Proteobacteria","Gammaproteobacteria","Pseudomonadales","Pseudomonadaceae","Azomonas"
"ASV_207","Bacteria","Spirochaetota","Leptospirae","Leptospirales","Leptospiraceae","Leptonema"
"ASV_208","Bacteria","Proteobacteria","Alphaproteobacteria","Sphingomonadales","Sphingomonadaceae",NA
"ASV_209","Bacteria","Bacteroidota","Bacteroidia","Flavobacteriales","Weeksellaceae","Cloacibacterium"
"ASV_210","Bacteria","Firmicutes","Clostridia","Clostridiales","Clostridiaceae","Clostridium sensu stricto 1"
"ASV_211","Bacteria","Actinobacteriota","Actinobacteria","Micrococcales","Microbacteriaceae","Curtobacterium"
"ASV_212","Bacteria","Firmicutes","Bacilli","Bacillales","Planococcaceae","Lysinibacillus"
"ASV_213","Bacteria","Bacteroidota","Bacteroidia","Bacteroidales","Prolixibacteraceae","WCHB1-32"
"ASV_214","Bacteria","Myxococcota","Myxococcia","Myxococcales","Anaeromyxobacteraceae","Anaeromyxobacter"
"ASV_215","Bacteria","Proteobacteria","Gammaproteobacteria","Pseudomonadales","Pseudomonadaceae","Azomonas"
"ASV_216","Bacteria","Actinobacteriota","Actinobacteria","Corynebacteriales","Corynebacteriaceae",NA
"ASV_217","Bacteria",NA,NA,NA,NA,NA
"ASV_218","Bacteria","Proteobacteria","Alphaproteobacteria",NA,NA,NA
"ASV_219","Bacteria","Proteobacteria","Gammaproteobacteria","Pseudomonadales","Pseudomonadaceae",NA
"ASV_220","Bacteria","Bacteroidota","Bacteroidia","Chitinophagales","Chitinophagaceae","Niveitalea"
"ASV_221","Bacteria","Actinobacteriota","Actinobacteria","Frankiales","Geodermatophilaceae",NA
"ASV_222","Bacteria","Proteobacteria","Gammaproteobacteria","Pseudomonadales","Pseudomonadaceae","Pseudomonas"
"ASV_223","Bacteria","Proteobacteria","Gammaproteobacteria","Burkholderiales",NA,NA
"ASV_224","Bacteria","Proteobacteria","Alphaproteobacteria","Rhizobiales","Rhizobiaceae",NA
"ASV_225","Bacteria","Proteobacteria","Alphaproteobacteria","Rickettsiales","Mitochondria",NA
"ASV_226","Bacteria","Bacteroidota","Bacteroidia","Chitinophagales","Chitinophagaceae","Niveitalea"
"ASV_227","Bacteria","Proteobacteria","Alphaproteobacteria","Rickettsiales","Mitochondria",NA
"ASV_228","Bacteria","Actinobacteriota","Actinobacteria","Micrococcales","Microbacteriaceae","Curtobacterium"
"ASV_229","Bacteria","Spirochaetota","Leptospirae","Leptospirales","Leptospiraceae","Turneriella"
"ASV_230","Bacteria","Firmicutes","Bacilli","Brevibacillales","Brevibacillaceae","Brevibacillus"
"ASV_231","Bacteria","Proteobacteria","Gammaproteobacteria","Burkholderiales","Comamonadaceae","Hydrogenophaga"
"ASV_232","Bacteria","Proteobacteria","Gammaproteobacteria","Burkholderiales",NA,NA
"ASV_233","Bacteria","Myxococcota","Polyangia","Haliangiales","Haliangiaceae","Haliangium"
"ASV_234","Bacteria","Firmicutes","Bacilli","Brevibacillales","Brevibacillaceae","Brevibacillus"
"ASV_235","Bacteria",NA,NA,NA,NA,NA
"ASV_236","Bacteria","Proteobacteria","Gammaproteobacteria","Burkholderiales",NA,NA
"ASV_237","Bacteria","Proteobacteria","Alphaproteobacteria","Rickettsiales","Mitochondria",NA
"ASV_238","Bacteria","Bacteroidota","Bacteroidia","Flavobacteriales","Weeksellaceae","Chryseobacterium"
"ASV_239","Bacteria","Proteobacteria","Gammaproteobacteria","Pseudomonadales","Pseudomonadaceae","Azomonas"
"ASV_240","Bacteria","Actinobacteriota","Actinobacteria","Micrococcales","Microbacteriaceae","Allohumibacter"
"ASV_241","Bacteria","Proteobacteria","Gammaproteobacteria","Pseudomonadales","Pseudomonadaceae","Azomonas"
"ASV_242","Bacteria","Spirochaetota","Leptospirae","Leptospirales","Leptospiraceae","Turneriella"
"ASV_243","Bacteria","Proteobacteria","Alphaproteobacteria",NA,NA,NA
"ASV_244","Bacteria","Proteobacteria",NA,NA,NA,NA
"ASV_245","Bacteria","Desulfobacterota","Desulfuromonadia",NA,NA,NA
"ASV_246","Bacteria","Bacteroidota","Bacteroidia","Flavobacteriales","Weeksellaceae","Soonwooa"
"ASV_247","Bacteria","Proteobacteria","Gammaproteobacteria","Burkholderiales",NA,NA
"ASV_248","Bacteria","Proteobacteria","Gammaproteobacteria","Burkholderiales",NA,NA
"ASV_249","Bacteria","Bacteroidota","Bacteroidia","Flavobacteriales","Weeksellaceae","Soonwooa"
"ASV_250","Bacteria","Proteobacteria","Gammaproteobacteria","Burkholderiales",NA,NA
"ASV_251","Bacteria","Bacteroidota","Bacteroidia","Flavobacteriales","Weeksellaceae","Soonwooa"
"ASV_252","Bacteria",NA,NA,NA,NA,NA
"ASV_253","Bacteria","Bacteroidota",NA,NA,NA,NA
"ASV_254","Bacteria","Bacteroidota","Bacteroidia","Chitinophagales","Chitinophagaceae","Niveitalea"
"ASV_255","Bacteria","Proteobacteria","Gammaproteobacteria",NA,NA,NA
"ASV_256","Bacteria",NA,NA,NA,NA,NA
"ASV_257","Bacteria","Actinobacteriota","Actinobacteria","Frankiales","Sporichthyaceae",NA
"ASV_258","Bacteria","Bdellovibrionota","Oligoflexia","0319-6G20",NA,NA
"ASV_259","Bacteria","Proteobacteria","Gammaproteobacteria","Burkholderiales",NA,NA
"ASV_260","Bacteria",NA,NA,NA,NA,NA
"ASV_261","Bacteria","Firmicutes","Bacilli","Bacillales","Bacillaceae","Falsibacillus"
"ASV_262","Bacteria","Myxococcota","Myxococcia","Myxococcales",NA,NA
"ASV_263","Bacteria","Spirochaetota","Leptospirae","Leptospirales","Leptospiraceae","Leptonema"
"ASV_264","Bacteria",NA,NA,NA,NA,NA
"ASV_265","Bacteria","Firmicutes","Bacilli","Bacillales",NA,NA
"ASV_266","Bacteria","Proteobacteria","Gammaproteobacteria","Pseudomonadales","Pseudomonadaceae","Azomonas"
"ASV_267","Bacteria","Actinobacteriota","Actinobacteria","Propionibacteriales","Propionibacteriaceae","Granulicoccus"
"ASV_268","Bacteria","Bacteroidota","Bacteroidia","Flavobacteriales","Weeksellaceae","Chryseobacterium"
"ASV_269","Bacteria","Proteobacteria","Gammaproteobacteria","Burkholderiales","Comamonadaceae","Hydrogenophaga"
"ASV_270","Bacteria","Bacteroidota","Bacteroidia","Flavobacteriales","Weeksellaceae","Soonwooa"
"ASV_271","Bacteria","Proteobacteria","Gammaproteobacteria","Burkholderiales",NA,NA
"ASV_272","Bacteria","Proteobacteria","Gammaproteobacteria",NA,NA,NA
"ASV_273","Bacteria","Proteobacteria","Gammaproteobacteria","Burkholderiales",NA,NA
"ASV_274","Bacteria","Bacteroidota","Bacteroidia","Chitinophagales","Chitinophagaceae",NA
"ASV_275","Bacteria","Proteobacteria","Gammaproteobacteria",NA,NA,NA
"ASV_276","Bacteria","Myxococcota","Polyangia","Polyangiales","Polyangiaceae",NA
"ASV_277","Bacteria","Proteobacteria","Alphaproteobacteria","Rhizobiales","Beijerinckiaceae","Methylocystis"
"ASV_278","Bacteria","Proteobacteria","Gammaproteobacteria","Pseudomonadales","Pseudomonadaceae","Azomonas"
"ASV_279","Bacteria","Acidobacteriota","Holophagae","Subgroup 7",NA,NA
"ASV_280","Bacteria",NA,NA,NA,NA,NA
"ASV_281","Bacteria","Proteobacteria","Gammaproteobacteria","Burkholderiales",NA,NA
"ASV_282","Bacteria","Proteobacteria","Gammaproteobacteria","Burkholderiales",NA,NA
"ASV_283","Bacteria","Bacteroidota","Bacteroidia","Chitinophagales","Chitinophagaceae",NA
"ASV_284","Bacteria","Myxococcota","Myxococcia","Myxococcales","Myxococcaceae","P3OB-42"
"ASV_285","Bacteria","Actinobacteriota","Actinobacteria","Propionibacteriales","Nocardioidaceae","Marmoricola"
"ASV_286","Bacteria","Chloroflexi","Chloroflexia","Chloroflexales","Roseiflexaceae","Kouleothrix"
"ASV_287","Bacteria","Firmicutes","Bacilli","Paenibacillales","Paenibacillaceae",NA
"ASV_288","Bacteria","Firmicutes","Bacilli","Paenibacillales","Paenibacillaceae",NA
"ASV_289","Bacteria","Proteobacteria","Gammaproteobacteria","Burkholderiales","SC-I-84",NA
"ASV_290","Bacteria","Bacteroidota","Bacteroidia","Chitinophagales","Chitinophagaceae","Chitinophaga"
"ASV_291","Bacteria","Chloroflexi","NLS2-31",NA,NA,NA
"ASV_292","Bacteria","Proteobacteria","Gammaproteobacteria","Burkholderiales","Comamonadaceae",NA
"ASV_293","Bacteria","Actinobacteriota","MB-A2-108",NA,NA,NA
"ASV_294","Bacteria","Proteobacteria","Alphaproteobacteria","Rickettsiales","Mitochondria",NA
"ASV_295","Bacteria","Proteobacteria","Alphaproteobacteria","Caulobacterales","Caulobacteraceae","Brevundimonas"
"ASV_296","Bacteria","Actinobacteriota","Thermoleophilia","Gaiellales","Gaiellaceae","Gaiella"
"ASV_297","Bacteria","Bacteroidota","Bacteroidia","Bacteroidales","Paludibacteraceae",NA
"ASV_298","Bacteria","Bacteroidota","Bacteroidia","Chitinophagales","Chitinophagaceae","Chitinophaga"
"ASV_299","Bacteria","Proteobacteria","Gammaproteobacteria","Burkholderiales","Rhodocyclaceae","Uliginosibacterium"
"ASV_300","Bacteria","Spirochaetota","Leptospirae","Leptospirales","Leptospiraceae","Leptonema"
"ASV_301","Bacteria","Proteobacteria","Gammaproteobacteria","Burkholderiales",NA,NA
"ASV_302","Bacteria","Chloroflexi","Chloroflexia","Chloroflexales","Roseiflexaceae","Kouleothrix"
"ASV_303","Bacteria","Actinobacteriota","Actinobacteria","Micrococcales","Micrococcaceae",NA
"ASV_304","Bacteria","Proteobacteria","Gammaproteobacteria","Burkholderiales","Rhodocyclaceae","Uliginosibacterium"
"ASV_305","Bacteria","Actinobacteriota","Actinobacteria","Micrococcales","Micrococcaceae","Haematomicrobium"
"ASV_306","Bacteria","Proteobacteria","Gammaproteobacteria","Pseudomonadales","Pseudomonadaceae","Azomonas"
"ASV_307","Bacteria","Proteobacteria","Gammaproteobacteria","Burkholderiales",NA,NA
"ASV_308","Bacteria","Proteobacteria","Alphaproteobacteria",NA,NA,NA
"ASV_309","Bacteria","Proteobacteria","Alphaproteobacteria","Acetobacterales","Acetobacteraceae","Rhodovarius"
"ASV_310","Bacteria","Proteobacteria","Gammaproteobacteria","Burkholderiales","Rhodocyclaceae","Azospira"
"ASV_311","Bacteria","Myxococcota","Myxococcia","Myxococcales",NA,NA
"ASV_312","Bacteria","Spirochaetota","Leptospirae","Leptospirales","Leptospiraceae","Turneriella"
"ASV_313","Bacteria","Myxococcota","Myxococcia","Myxococcales","Myxococcaceae","P3OB-42"
"ASV_314","Bacteria","Chloroflexi","Chloroflexia","Chloroflexales","Herpetosiphonaceae","Herpetosiphon"
"ASV_315","Bacteria","Bacteroidota","Bacteroidia","Cytophagales","Microscillaceae","Ohtaekwangia"
"ASV_316","Bacteria","Myxococcota","Myxococcia","Myxococcales","Myxococcaceae",NA
"ASV_317","Bacteria","Proteobacteria","Gammaproteobacteria","Burkholderiales",NA,NA
"ASV_318","Bacteria","Firmicutes","Bacilli","Brevibacillales","Brevibacillaceae","Brevibacillus"
"ASV_319","Bacteria","Proteobacteria","Alphaproteobacteria","Rhizobiales","Xanthobacteraceae",NA
"ASV_320","Bacteria","Proteobacteria","Gammaproteobacteria",NA,NA,NA
"ASV_321","Bacteria","Proteobacteria","Gammaproteobacteria","Burkholderiales",NA,NA
"ASV_322","Bacteria","Proteobacteria","Alphaproteobacteria","Rickettsiales","Mitochondria",NA
"ASV_323","Bacteria","Proteobacteria","Alphaproteobacteria","Rhodobacterales","Rhodobacteraceae","Amaricoccus"
"ASV_324","Bacteria","Actinobacteriota","Actinobacteria","Micrococcales","Micrococcaceae","Kocuria"
"ASV_325","Bacteria","Fibrobacterota","Fibrobacteria","Fibrobacterales","BBMC-4",NA
"ASV_326","Bacteria","Firmicutes","Clostridia","Peptostreptococcales-Tissierellales","Peptostreptococcaceae","Sporacetigenium"
"ASV_327","Bacteria","Proteobacteria","Gammaproteobacteria","Burkholderiales",NA,NA
"ASV_328","Bacteria","Myxococcota","Myxococcia","Myxococcales","Myxococcaceae",NA
"ASV_329","Bacteria",NA,NA,NA,NA,NA
"ASV_330","Bacteria","Proteobacteria","Gammaproteobacteria","Burkholderiales",NA,NA
"ASV_331","Bacteria","Gemmatimonadota","Gemmatimonadetes","Gemmatimonadales","Gemmatimonadaceae",NA
"ASV_332","Bacteria","Firmicutes","Bacilli","Bacillales","Bacillaceae","Bacillus"
"ASV_333","Bacteria","Proteobacteria","Gammaproteobacteria","Ectothiorhodospirales","Thioalkalispiraceae","Thioalkalispira-Sulfurivermis"
"ASV_334","Bacteria","Desulfobacterota","Desulfuromonadia",NA,NA,NA
"ASV_335","Bacteria","Proteobacteria","Alphaproteobacteria","Rhizobiales","Rhizobiaceae","Daeguia"
"ASV_336","Bacteria","Proteobacteria","Gammaproteobacteria","Pseudomonadales","Pseudomonadaceae","Azomonas"
"ASV_337","Bacteria","Proteobacteria","Gammaproteobacteria",NA,NA,NA
"ASV_338","Bacteria","Bacteroidota","Bacteroidia","Flavobacteriales","Weeksellaceae","Soonwooa"
"ASV_339","Bacteria","Proteobacteria","Gammaproteobacteria","Pseudomonadales","Pseudomonadaceae","Azomonas"
"ASV_340","Bacteria","Proteobacteria","Gammaproteobacteria","Pseudomonadales",NA,NA
"ASV_341","Bacteria","Bacteroidota","Bacteroidia","Flavobacteriales","Weeksellaceae","Soonwooa"
"ASV_342","Bacteria","Proteobacteria","Alphaproteobacteria","Rhizobiales",NA,NA
"ASV_343","Bacteria","Proteobacteria","Alphaproteobacteria","Rickettsiales","Mitochondria",NA
"ASV_344","Bacteria","Proteobacteria","Gammaproteobacteria","Pseudomonadales","Pseudomonadaceae","Azomonas"
"ASV_345","Bacteria","Actinobacteriota","Thermoleophilia","Gaiellales",NA,NA
"ASV_346","Bacteria","Bacteroidota","Bacteroidia","Flavobacteriales","Weeksellaceae","Soonwooa"
"ASV_347","Bacteria","Nitrospirota","4-29-1",NA,NA,NA
"ASV_348","Bacteria","Spirochaetota","Spirochaetia","Spirochaetales","Spirochaetaceae","M2PT2-76 termite group"
"ASV_349","Bacteria","Bacteroidota","Bacteroidia","Chitinophagales","Chitinophagaceae","Niveitalea"
"ASV_350","Bacteria","Chloroflexi","Chloroflexia","Chloroflexales","Roseiflexaceae","Kouleothrix"
"ASV_351","Bacteria","Bacteroidota","Bacteroidia","Flavobacteriales","Weeksellaceae",NA
"ASV_352","Bacteria","Actinobacteriota","Actinobacteria","Micrococcales","Micrococcaceae",NA
"ASV_353","Bacteria","Bacteroidota","Ignavibacteria","SJA-28",NA,NA
"ASV_354","Bacteria","Proteobacteria","Gammaproteobacteria","Burkholderiales","Comamonadaceae",NA
"ASV_355","Bacteria","Proteobacteria","Gammaproteobacteria","Burkholderiales",NA,NA
"ASV_356","Bacteria","Chloroflexi","Chloroflexia",NA,NA,NA
"ASV_357","Bacteria","Chloroflexi","Chloroflexia","Chloroflexales","Roseiflexaceae",NA
"ASV_358","Bacteria",NA,NA,NA,NA,NA
"ASV_359","Bacteria","Proteobacteria","Gammaproteobacteria","Burkholderiales",NA,NA
"ASV_360","Bacteria","Desulfobacterota","Desulfobaccia","Desulfobaccales","Desulfobaccaceae","Desulfobacca"
"ASV_361","Bacteria","Bacteroidota","Bacteroidia","Flavobacteriales","Weeksellaceae","Soonwooa"
"ASV_362","Bacteria","Myxococcota","Myxococcia","Myxococcales","Myxococcaceae","P3OB-42"
"ASV_363","Bacteria","Proteobacteria","Gammaproteobacteria","Burkholderiales",NA,NA
"ASV_364","Bacteria","Proteobacteria","Alphaproteobacteria","Rickettsiales","Mitochondria",NA
"ASV_365","Bacteria","Proteobacteria","Gammaproteobacteria","Pseudomonadales","Pseudomonadaceae","Azomonas"
"ASV_366","Bacteria","Proteobacteria","Alphaproteobacteria","Rhizobiales","Rhizobiaceae",NA
"ASV_367","Bacteria","Bacteroidota","Bacteroidia","Chitinophagales","Chitinophagaceae",NA
"ASV_368","Bacteria","Proteobacteria","Gammaproteobacteria","Pseudomonadales","Pseudomonadaceae","Azomonas"
"ASV_369","Bacteria","Proteobacteria","Alphaproteobacteria",NA,NA,NA
"ASV_370","Bacteria","Proteobacteria","Gammaproteobacteria","Burkholderiales","Sutterellaceae",NA
"ASV_371","Bacteria","Proteobacteria","Alphaproteobacteria",NA,NA,NA
"ASV_372","Bacteria","Proteobacteria","Alphaproteobacteria",NA,NA,NA
"ASV_373","Bacteria","Bacteroidota","Bacteroidia","Flavobacteriales","Weeksellaceae",NA
"ASV_374","Bacteria","Proteobacteria","Gammaproteobacteria",NA,NA,NA
"ASV_375","Bacteria","Proteobacteria","Gammaproteobacteria","Burkholderiales",NA,NA
"ASV_376","Bacteria","Myxococcota","Myxococcia","Myxococcales","Myxococcaceae","Hyalangium"
"ASV_377","Bacteria","Desulfobacterota","Desulfobacteria","Desulfatiglandales","Desulfatiglandaceae","Desulfatiglans"
"ASV_378","Bacteria","Proteobacteria","Alphaproteobacteria","Rickettsiales","Mitochondria",NA
"ASV_379","Bacteria","Myxococcota","Myxococcia","Myxococcales","Myxococcaceae","P3OB-42"
"ASV_380","Bacteria",NA,NA,NA,NA,NA
"ASV_381","Bacteria","Bacteroidota","Bacteroidia","Sphingobacteriales","Z4MB62",NA
"ASV_382","Bacteria","Firmicutes","Clostridia","Clostridiales","Clostridiaceae","Clostridium sensu stricto 13"
"ASV_383","Bacteria","Nitrospirota","4-29-1",NA,NA,NA
"ASV_384","Bacteria","Proteobacteria","Gammaproteobacteria","Pseudomonadales","Pseudomonadaceae",NA
"ASV_385","Bacteria","Firmicutes","Bacilli","Paenibacillales","Paenibacillaceae",NA
"ASV_386","Bacteria","Proteobacteria","Gammaproteobacteria","Burkholderiales",NA,NA
"ASV_387","Bacteria","Spirochaetota","Spirochaetia","Spirochaetales","Spirochaetaceae","Treponema"
"ASV_388","Bacteria","Firmicutes","Bacilli","Paenibacillales","Paenibacillaceae",NA
"ASV_389","Bacteria","Actinobacteriota","Actinobacteria","Micrococcales","Microbacteriaceae","Schumannella"
"ASV_390","Bacteria","Proteobacteria","Gammaproteobacteria",NA,NA,NA
"ASV_391","Bacteria","Proteobacteria","Gammaproteobacteria","Burkholderiales","Rhodocyclaceae",NA
"ASV_392","Bacteria","Spirochaetota","Leptospirae","Leptospirales","Leptospiraceae","Leptonema"
"ASV_393","Bacteria","Proteobacteria","Gammaproteobacteria","Pseudomonadales","Pseudomonadaceae","Azomonas"
"ASV_394","Bacteria","Proteobacteria","Gammaproteobacteria","Burkholderiales",NA,NA
"ASV_395","Bacteria","Firmicutes","Clostridia","Clostridiales",NA,NA
"ASV_396","Bacteria","Proteobacteria","Gammaproteobacteria","Burkholderiales",NA,NA
"ASV_397","Bacteria","Proteobacteria","Gammaproteobacteria","Burkholderiales",NA,NA
"ASV_398","Bacteria","Proteobacteria","Gammaproteobacteria","Burkholderiales",NA,NA
"ASV_399","Bacteria","Proteobacteria","Alphaproteobacteria","Rhizobiales","Beijerinckiaceae","Bosea"
"ASV_400","Bacteria","Myxococcota","Myxococcia","Myxococcales","Myxococcaceae",NA
"ASV_401","Bacteria","Proteobacteria","Gammaproteobacteria",NA,NA,NA
"ASV_402","Bacteria","Proteobacteria","Gammaproteobacteria","Burkholderiales",NA,NA
"ASV_403","Bacteria","Proteobacteria","Gammaproteobacteria","Burkholderiales",NA,NA
"ASV_404","Bacteria",NA,NA,NA,NA,NA
"ASV_405","Bacteria","Chloroflexi","Chloroflexia","Chloroflexales","Roseiflexaceae","Kouleothrix"
"ASV_406","Bacteria","Myxococcota","Myxococcia","Myxococcales","Myxococcaceae","P3OB-42"
